Workbook

Sheet Summary
A1: Curvy project status
A2: Snapshot taken 2026-10-27. Counts below are live formulas over the Tracker sheet - change a Status there and they update.
A4: Area | B4: Done | C4: In Progress | D4: Not Started | E4: Deferred | F4: Total | G4: % done
A5: Foundation | B5: =COUNTIFS(Tracker!$B$2:$B$500,$A5,Tracker!$D$2:$D$500,B$4) | C5: =COUNTIFS(Tracker!$B$2:$B$500,$A5,Tracker!$D$2:$D$500,C$4) | D5: =COUNTIFS(Tracker!$B$2:$B$500,$A5,Tracker!$D$2:$D$500,D$4) | E5: =COUNTIFS(Tracker!$B$2:$B$500,$A5,Tracker!$D$2:$D$500,E$4) | F5: =SUM(B5:E5) | G5: =IF(F5=0,0,B5/F5)
A6: Document & graph | B6: =COUNTIFS(Tracker!$B$2:$B$500,$A6,Tracker!$D$2:$D$500,B$4) | C6: =COUNTIFS(Tracker!$B$2:$B$500,$A6,Tracker!$D$2:$D$500,C$4) | D6: =COUNTIFS(Tracker!$B$2:$B$500,$A6,Tracker!$D$2:$D$500,D$4) | E6: =COUNTIFS(Tracker!$B$2:$B$500,$A6,Tracker!$D$2:$D$500,E$4) | F6: =SUM(B6:E6) | G6: =IF(F6=0,0,B6/F6)
A7: Path & appearance nodes | B7: =COUNTIFS(Tracker!$B$2:$B$500,$A7,Tracker!$D$2:$D$500,B$4) | C7: =COUNTIFS(Tracker!$B$2:$B$500,$A7,Tracker!$D$2:$D$500,C$4) | D7: =COUNTIFS(Tracker!$B$2:$B$500,$A7,Tracker!$D$2:$D$500,D$4) | E7: =COUNTIFS(Tracker!$B$2:$B$500,$A7,Tracker!$D$2:$D$500,E$4) | F7: =SUM(B7:E7) | G7: =IF(F7=0,0,B7/F7)
A8: Animation & expressions | B8: =COUNTIFS(Tracker!$B$2:$B$500,$A8,Tracker!$D$2:$D$500,B$4) | C8: =COUNTIFS(Tracker!$B$2:$B$500,$A8,Tracker!$D$2:$D$500,C$4) | D8: =COUNTIFS(Tracker!$B$2:$B$500,$A8,Tracker!$D$2:$D$500,D$4) | E8: =COUNTIFS(Tracker!$B$2:$B$500,$A8,Tracker!$D$2:$D$500,E$4) | F8: =SUM(B8:E8) | G8: =IF(F8=0,0,B8/F8)
A9: Graph dock & panels | B9: =COUNTIFS(Tracker!$B$2:$B$500,$A9,Tracker!$D$2:$D$500,B$4) | C9: =COUNTIFS(Tracker!$B$2:$B$500,$A9,Tracker!$D$2:$D$500,C$4) | D9: =COUNTIFS(Tracker!$B$2:$B$500,$A9,Tracker!$D$2:$D$500,D$4) | E9: =COUNTIFS(Tracker!$B$2:$B$500,$A9,Tracker!$D$2:$D$500,E$4) | F9: =SUM(B9:E9) | G9: =IF(F9=0,0,B9/F9)
A10: Workspace & rings | B10: =COUNTIFS(Tracker!$B$2:$B$500,$A10,Tracker!$D$2:$D$500,B$4) | C10: =COUNTIFS(Tracker!$B$2:$B$500,$A10,Tracker!$D$2:$D$500,C$4) | D10: =COUNTIFS(Tracker!$B$2:$B$500,$A10,Tracker!$D$2:$D$500,D$4) | E10: =COUNTIFS(Tracker!$B$2:$B$500,$A10,Tracker!$D$2:$D$500,E$4) | F10: =SUM(B10:E10) | G10: =IF(F10=0,0,B10/F10)
A11: Pen & input | B11: =COUNTIFS(Tracker!$B$2:$B$500,$A11,Tracker!$D$2:$D$500,B$4) | C11: =COUNTIFS(Tracker!$B$2:$B$500,$A11,Tracker!$D$2:$D$500,C$4) | D11: =COUNTIFS(Tracker!$B$2:$B$500,$A11,Tracker!$D$2:$D$500,D$4) | E11: =COUNTIFS(Tracker!$B$2:$B$500,$A11,Tracker!$D$2:$D$500,E$4) | F11: =SUM(B11:E11) | G11: =IF(F11=0,0,B11/F11)
A12: Tools & cards | B12: =COUNTIFS(Tracker!$B$2:$B$500,$A12,Tracker!$D$2:$D$500,B$4) | C12: =COUNTIFS(Tracker!$B$2:$B$500,$A12,Tracker!$D$2:$D$500,C$4) | D12: =COUNTIFS(Tracker!$B$2:$B$500,$A12,Tracker!$D$2:$D$500,D$4) | E12: =COUNTIFS(Tracker!$B$2:$B$500,$A12,Tracker!$D$2:$D$500,E$4) | F12: =SUM(B12:E12) | G12: =IF(F12=0,0,B12/F12)
A13: Settings & themes | B13: =COUNTIFS(Tracker!$B$2:$B$500,$A13,Tracker!$D$2:$D$500,B$4) | C13: =COUNTIFS(Tracker!$B$2:$B$500,$A13,Tracker!$D$2:$D$500,C$4) | D13: =COUNTIFS(Tracker!$B$2:$B$500,$A13,Tracker!$D$2:$D$500,D$4) | E13: =COUNTIFS(Tracker!$B$2:$B$500,$A13,Tracker!$D$2:$D$500,E$4) | F13: =SUM(B13:E13) | G13: =IF(F13=0,0,B13/F13)
A14: Mockups & design | B14: =COUNTIFS(Tracker!$B$2:$B$500,$A14,Tracker!$D$2:$D$500,B$4) | C14: =COUNTIFS(Tracker!$B$2:$B$500,$A14,Tracker!$D$2:$D$500,C$4) | D14: =COUNTIFS(Tracker!$B$2:$B$500,$A14,Tracker!$D$2:$D$500,D$4) | E14: =COUNTIFS(Tracker!$B$2:$B$500,$A14,Tracker!$D$2:$D$500,E$4) | F14: =SUM(B14:E14) | G14: =IF(F14=0,0,B14/F14)
A15: Export & files | B15: =COUNTIFS(Tracker!$B$2:$B$500,$A15,Tracker!$D$2:$D$500,B$4) | C15: =COUNTIFS(Tracker!$B$2:$B$500,$A15,Tracker!$D$2:$D$500,C$4) | D15: =COUNTIFS(Tracker!$B$2:$B$500,$A15,Tracker!$D$2:$D$500,D$4) | E15: =COUNTIFS(Tracker!$B$2:$B$500,$A15,Tracker!$D$2:$D$500,E$4) | F15: =SUM(B15:E15) | G15: =IF(F15=0,0,B15/F15)
A16: Planned | B16: =COUNTIFS(Tracker!$B$2:$B$500,$A16,Tracker!$D$2:$D$500,B$4) | C16: =COUNTIFS(Tracker!$B$2:$B$500,$A16,Tracker!$D$2:$D$500,C$4) | D16: =COUNTIFS(Tracker!$B$2:$B$500,$A16,Tracker!$D$2:$D$500,D$4) | E16: =COUNTIFS(Tracker!$B$2:$B$500,$A16,Tracker!$D$2:$D$500,E$4) | F16: =SUM(B16:E16) | G16: =IF(F16=0,0,B16/F16)
A17: All areas | B17: =SUM(B5:B16) | C17: =SUM(C5:C16) | D17: =SUM(D5:D16) | E17: =SUM(E5:E16) | F17: =SUM(F5:F16) | G17: =IF(F17=0,0,B17/F17)
A19: Legend
A20: Done | B20: Built, tested, and you have confirmed it works.
A21: In Progress | B21: Started, or built and tested but not yet confirmed live.
A22: Not Started | B22: Nothing built yet (a mockup or notes may exist).
A23: Deferred | B23: Deliberately parked - the plan keeps it for later.

Sheet Tracker
A1: ID | B1: Area | C1: Item | D1: Status | E1: Suggested priority | F1: Notes / what is left | G1: Verified
A2: F-01 | B2: Foundation | C2: Sketch demo ported to src/ + include/curvy (namespace curvy), C++17 | D2: Done | F2: Build via VS vcvars64 + cmake preset x64-release. | G2: From docs/memory; not re-checked
A3: F-02 | B3: Foundation | C3: jitnodes + newui as submodules; own asmjit build for jitnodes | D3: Done | F3: Submodule bumps are committed by the user. 2026-10-27: jitnodes 82dc600 (fx nodes) used C++20 <bit>; fixed upstream in e524be1 (C++17). Parent bump uncommitted. | G3: From docs/memory; not re-checked
A4: F-03 | B4: Foundation | C4: Google Test suite | D4: Done | F4: 320 tests at last run; jitnodes 97. | G4: Built + tested; not yet tried live
A5: F-04 | B5: Foundation | C5: Headless checks: --check, --check-tools, --check-workspace | D5: Done | F5: All exit 0 at last run. | G5: Built + tested; not yet tried live
A6: F-05 | B6: Foundation | C6: GUI test suite (tests/gui, real input) | D6: Done | E6: Medium | F6: 52 tests (2026-10-27): 48 at 2026-10-25 + 4 transform-row tests; only the GraphDock class (11) rerun since. | G6: Built + tested; not yet tried live
A7: F-06 | B7: Foundation | C7: Port the original demo's --check-tools / gui tests | D7: Not Started | E7: Low | F7: Pending item from the port. | G7: From docs/memory; not re-checked
A8: F-07 | B8: Foundation | C8: reflectgen .venv must be recreated on a fresh clone | D8: Not Started | E8: Low | G8: From docs/memory; not re-checked
A9: DG-01 | B9: Document & graph | C9: GraphDocument owns the jitnodes Network; SketchDocument derives from it | D9: Done | F9: Single shared UndoStack; graph edits are snapshot closures. | G9: Built + tested; not yet tried live
A10: DG-02 | B10: Document & graph | C10: Live shapes + SVG round trip (graph embedded in a namespaced SVG element) | D10: Done | G10: Built + tested; not yet tried live
A11: DG-03 | B11: Document & graph | C11: Objects as pure views of nodes (node is the only truth) | D11: Done | E11: High | F11: Stage 3 done 2026-10-25: selection bounds + frame measured on placedOutline() (falls back to the object for driven or mid-drag objects). Left: frameAngle/matrix still the object's; path copy still held (next: geometry() becomes a cache refreshed from the node, then DG-05). Perf (2000 objects): frame+bounds 0.5 ms at rest, 0.15 ms mid-drag; placedOutline cached per object, findById indexed; timeline step 23 -> 1.5 ms after jitnodes fixes (setTime keeps a cached list of animated nodes). Option 3 chosen: full node-truth redesign, plan in docs/dg03-node-truth.md. S1 done (paintWarp on the transform node; frameAngle stays outside the graph: it diverges from the node rotation once shear appears). S2 done: every placement edit goes through SketchDocument::placeObjects (transform node written first, object refreshed, outline cache seeded) with commitPlacement as the undo step; a whole-graph snapshot measured 135 ms at 2000 objects so undo restores the touched nodes' numbers instead (drag step 3.8 ms, commit 4 ms, undo 5 ms). S3 done for outline edits: setObjectOutline/syncObject rewrite the shape node's curve at once (direct select, live shape handles, reverse, simplify, join, redefine symbol, text warp, warp; undo/redo per object). S4a done: outline/placement/text/symbol/image mutators of SketchObject are private (SketchDocument friend; SketchObject::Prototype for objects not in a document yet), new document calls warpObjects / setObjectText / changeSelectionText on a TextState; writePathNodes removed; tests converted. S5 done for .skb (DG-05). S6 done: nodeRevision replaced by boundToNodes()/everBound() (every outline edit clears it; geometryRevision is only the outline-cache version). Kept on purpose: syncPathNodes and bindLoadedNode (add building chains per object is quadratic in batches or needs the binder rewritten, and SVG files still match outlines to embedded nodes); GeometryState stays as the undo payload. DG-03 is finished apart from those. | G11: Built + tested: 332 curvyTests, checks pass, GUI 48 pass; behaviour unchanged
A12: DG-04 | B12: Document & graph | C12: Layers / groups as subnets | D12: In Progress | E12: High | F12: Step 3/4 of the node-architecture plan. 2026-10-28: S0 spike done -> option B (structure nodes in the flat root); DG-07 later removed the subnet undo cost, so option A is open again if wanted. 2026-10-28: option A (containment) chosen. S1 done: NodeRef{scope,id}, GraphDocument scopes/NodeRef edit API, SketchObject::graphScope; root-scope NodeId shortcuts kept; callers move to NodeRef in S2/S3. S2 done 2026-10-28: curvySubnet node (role/visible/locked/opacity/blend/clip + promoted placement numbers), SketchDocument::scopeMatrix/worldOf/transformRefOf, sync loops and caches per scope (a hand-built group moves its member, undo/redo works); transformNodeOf/selection/graph dock still root-only until S3/S5. S2.5 done 2026-10-28: membership accessors on SketchDocument (groupsOf/outermostGroupOf/isGrouped/inGroup/layerOf/setGroupsOf/setLayerOf) in front of SketchObject::groups()/layer(); all production sites outside the serializers (writeObject, SVG readers, sketchbin) use them. S3a done 2026-10-28: groups are real subnets by containment, derived from the group ids (syncGroupScopes/pruneGroupScopes in changed(), curvySubnet groupId param; chains copied so expressions/keys survive; SVG data-graph-scope and .skb scope paths). S5 (scoped selection) done 2026-10-28: hitTestNode/selectedNodes/setSelectedNodes return NodeRef, pivot code and the graph dock (rows, detail box, links, edits) work on NodeRef so grouped objects show and edit; enter/exit-group view not built. Next: S3b flip the carrier (drop groups_/groupProps_, read from subnets). Plan: docs/dg04-layers-subnets.md. Idea logged: packed-paths node (Houdini packed geometry). | G12: S5 built + tested: new test NodeSelection.GroupedObjectsAreSelectedAndPickedByTheirScopedNode; ctest 2086 pass, --check/--check-tools/--check-workspace exit 0; GUI suite not rerun
A13: DG-05 | B13: Document & graph | C13: Graph saved in .skb | D13: Done | E13: Medium | F13: 2026-10-25: .skb version 4 stores the graph (GRPH chunk: graph text + each object shape node id) and leaves out the outline of every object its node holds (SketchDocument::pathHeldByNode); load reads the graph first (scratch network validates it) and builds those outlines from the node curve under the saved placement. Text keeps its outline; v1-3 files still load. Costs: quadratics come back as cubics, outlines to a float step, file grows ~450 B/object before gzip. SVG already embedded the graph. | G13: Built + tested: 330 curvyTests, checks pass, GUI 44 pass; not tried by hand
A14: DG-06 | B14: Document & graph | C14: Drag-to-connect rows in the graph | D14: Not Started | E14: Medium | G14: From docs/memory; not re-checked
A15: PN-01 | B15: Path & appearance nodes | C15: curvyPath / Text / Symbol / Image nodes | D15: Done | F15: Outline held in geometry param `curve`. | G15: Built + tested; not yet tried live
A16: PN-02 | B16: Path & appearance nodes | C16: Cubic primitives in jitnodes (bezier path geometry) | D16: Done | F16: jitnodes change was uncommitted at last note. | G16: Built + tested; not yet tried live
A17: PN-03 | B17: Path & appearance nodes | C17: Geometry-valued node parameters | D17: Done | G17: Built + tested; not yet tried live
A18: PN-04 | B18: Path & appearance nodes | C18: Fill / Stroke / Effect appearance nodes | D18: Done | G18: Built + tested; not yet tried live
A19: PN-05 | B19: Path & appearance nodes | C19: Transform node (translate/rotation/scale/shear/pivot) + parents | D19: Done | G19: Built + tested; not yet tried live
A20: PN-06 | B20: Path & appearance nodes | C20: Tag node + Move Points node (driven objects) | D20: Done | F20: Box now on ParamGrid: kind/operation are Choice rows, every/offset scrub. Tag name is fixed 'tag1'; no naming/switching or marquee tagging yet. | G20: Built + tested; not yet tried live
A21: PN-07 | B21: Path & appearance nodes | C21: Point gradients (Points paint kind) | D21: Done | F21: PDF/other viewers see the first colour only. | G21: Built + tested; not yet tried live
A22: PN-08 | B22: Path & appearance nodes | C22: Perspective-warp paints | D22: In Progress | E22: Low | F22: Canvas only; SVG/PDF export still unwarped. | G22: Built + tested; not yet tried live
A23: PN-09 | B23: Path & appearance nodes | C23: Colour / swatch nodes; instance nodes for symbols | D23: Not Started | E23: Medium | G23: From docs/memory; not re-checked
A24: PN-10 | B24: Path & appearance nodes | C24: Deform-along-path node (skeletal strokes) | D24: Not Started | E24: Low | G24: From docs/memory; not re-checked
A25: AN-01 | B25: Animation & expressions | C25: Property expressions (=expr, time/frame) | D25: Done | F25: ExpressionField in the graph dock. | G25: Built + tested; not yet tried live
A26: AN-02 | B26: Animation & expressions | C26: TimelineBar (transport strip, View ring slot M) | D26: Done | G26: Built + tested; not yet tried live
A27: AN-03 | B27: Animation & expressions | C27: Keyframes in parameter fields (Ctrl+K, diamond, edits write keys) | D27: In Progress | F27: Built + tested; linear keys only. | G27: Built + tested; not yet tried live
A28: AN-04 | B28: Animation & expressions | C28: Easing picker / typed keys (jitnodes has no bezier easing) | D28: Not Started | E28: Medium | G28: From docs/memory; not re-checked
A29: AN-05 | B29: Animation & expressions | C29: Ruler, keyed rows and dopesheet | D29: Deferred | E29: Medium | F29: User chose to hold; mockup is docs/mockups/animation.html. | G29: Mockup only (headless Chrome); not hand-tested
A30: AN-06 | B30: Animation & expressions | C30: Frame range + fps as saved document settings | D30: Not Started | E30: Medium | G30: From docs/memory; not re-checked
A31: AN-07 | B31: Animation & expressions | C31: Timeline/Play menu item and key | D31: Not Started | E31: Low | G31: From docs/memory; not re-checked
A32: AN-08 | B32: Animation & expressions | C32: Rig: bones, IK, skinning, weight painting | D32: Not Started | E32: Low | F32: Mockup docs/mockups/rig.html. | G32: Mockup only (headless Chrome); not hand-tested
A33: AN-09 | B33: Animation & expressions | C33: Animated export: one EXR per frame with AOV layers | D33: Not Started | E33: Low | F33: Blend2D is 8-bit, so a float raster path is needed. | G33: From docs/memory; not re-checked
A34: GD-01 | B34: Graph dock & panels | C34: Graph tree (Document / Flow views, filter, icons, chips) | D34: Done | G34: Built + tested; not yet tried live
A35: GD-02 | B35: Graph dock & panels | C35: Parameter box painted by ParamGrid (one editor at a time) | D35: Done | F35: Builds, unit + GUI tests pass; Esc/Ctrl+K fixed (newui key codes); NumberScrubber/ParamGrid use Delegates; Choice rows added; not hand-tried. | G35: Built + tested; not yet tried live
A36: GD-03 | B36: Graph dock & panels | C36: Key diamond per number row | D36: In Progress | E36: Medium | F36: Painted and clickable; not hand-tested. | G36: Built + tested; not yet tried live
A37: GD-04 | B37: Graph dock & panels | C37: Fix `+=` lambdas capturing this that can fire after destruction (GraphDock, DockController) | D37: Done | E37: High | F37: 2026-10-25: GraphDock and DockController handlers go through guarded() (include/curvy/aliveguard.h) with an alive_ flag cleared in the destructor, as TimelineBar does. Removing connections instead was considered; the flag is safe whatever the view teardown order. Superseded 2026-10-27 by GD-07: the alive_ flag is replaced by newui::Connections. | G37: Built + tested; not yet tried live
A38: GD-05 | B38: Graph dock & panels | C38: Context-sensitive property dock (Colour / Stroke / Opacity boxes) | D38: Done | G38: Built + tested; not yet tried live
A39: GD-06 | B39: Graph dock & panels | C39: Live-shape / Text / gradient property boxes | D39: Not Started | E39: Medium | G39: From docs/memory; not re-checked
A40: WR-01 | B40: Workspace & rings | C40: WorkspaceController / Model, empty-workspace start, docks | D40: Done | G40: Built + tested; not yet tried live
A41: WR-02 | B41: Workspace & rings | C41: Radial rings (Space tap/hold), hold-key scrubbing, hints | D41: Done | G41: Built + tested; not yet tried live
A42: WR-03 | B42: Workspace & rings | C42: Object ring Fill / Stroke / Color slots + cards | D42: Done | G42: Built + tested; not yet tried live
A43: WR-04 | B43: Workspace & rings | C43: Hold-slot / barrel routes to option cards | D43: Not Started | E43: Low | G43: From docs/memory; not re-checked
A44: PI-01 | B44: Pen & input | C44: Tablet pen input in newui (pressure, tilt, barrel, eraser) | D44: Done | F44: Wacom and Huion tested. | G44: User-verified
A45: PI-02 | B45: Pen & input | C45: Pen tool, direct select, freehand, pressure to width | D45: In Progress | E45: High | F45: Mockup pen.html exists; bring into the real editor. | G45: Mockup only (headless Chrome); not hand-tested
A46: PI-03 | B46: Pen & input | C46: Text tool and fonts | D46: Not Started | E46: Medium | F46: Mockup text.html; Blend2D shaping is an open risk. | G46: Mockup only (headless Chrome); not hand-tested
A47: TC-01 | B47: Tools & cards | C47: Tool options card (polygon, star, round-rect, pencil) | D47: Done | G47: Built + tested; not yet tried live
A48: TC-02 | B48: Tools & cards | C48: Amber dot on toolbar buttons with options | D48: Not Started | E48: Low | G48: From docs/memory; not re-checked
A49: TC-03 | B49: Tools & cards | C49: Selection + transform on canvas (marquee, align, guides) | D49: In Progress | E49: High | F49: Mockup transform.html approved with mouse; pen pending. | G49: Mockup only (headless Chrome); not hand-tested
A50: TC-04 | B50: Tools & cards | C50: Booleans, clip and opacity masks | D50: Not Started | E50: Medium | F50: Mockup booleans.html. | G50: Mockup only (headless Chrome); not hand-tested
A51: TC-05 | B51: Tools & cards | C51: Overlays: perspective guides, reference layers | D51: Not Started | E51: Low | F51: Mockup overlays.html. | G51: Mockup only (headless Chrome); not hand-tested
A52: SE-01 | B52: Settings & themes | C52: Dark / light themes from theme tokens | D52: Done | G52: User-verified
A53: SE-02 | B53: Settings & themes | C53: Settings dialog (all fields consumed) | D53: Done | F53: Not hand-tested at last note. | G53: Built + tested; not yet tried live
A54: SE-03 | B54: Settings & themes | C54: Default / cancel button support in newui dialogs | D54: Done | F54: Return / Escape routed through RootView. | G54: Built + tested; not yet tried live
A55: SE-04 | B55: Settings & themes | C55: Logo (ribbon C) | D55: Deferred | E55: Low | F55: Exploration only; nothing in the app. | G55: Mockup only (headless Chrome); not hand-tested
A56: MD-01 | B56: Mockups & design | C56: Workflow storyboard (flow.html), ui-design.md | D56: Done | F56: User review pending. | G56: From docs/memory; not re-checked
A57: MD-02 | B57: Mockups & design | C57: Hand-test feedback on animation / rig / transform / booleans mockups | D57: Not Started | E57: Medium | F57: Never hand-tested by the user. | G57: From docs/memory; not re-checked
A58: EX-01 | B58: Export & files | C58: SVG export | D58: In Progress | E58: Medium | F58: Warped paints and point gradients not exported. | G58: Built + tested; not yet tried live
A59: EX-02 | B59: Export & files | C59: PDF export | D59: In Progress | E59: Low | F59: Point gradients use the first colour. | G59: Built + tested; not yet tried live
A60: EX-03 | B60: Export & files | C60: Artboards and export card | D60: Not Started | E60: Medium | F60: Mockup artboards.html. | G60: Mockup only (headless Chrome); not hand-tested
A61: PL-01 | B61: Planned | C61: PropertyEditor pattern for other boxes (Tag / Move Points) | D61: Done | E61: Low | F61: Done 2026-10-25: Tag / Move Points boxes use ParamGrid (Choice rows). No other boxes remain. | G61: Built + tested; not yet tried live
A62: PL-02 | B62: Planned | C62: Navigation: pan/zoom, view modes, touch | D62: Not Started | E62: Medium | F62: Not mocked yet. | G62: From docs/memory; not re-checked
A63: PL-03 | B63: Planned | C63: Image trace, mesh warp, procedural repeat/symmetry, effects | D63: Not Started | E63: Low | F63: Not mocked yet. | G63: From docs/memory; not re-checked
A64: GD-07 | B64: Graph dock & panels | C64: Controllers remove their delegate subscriptions on destruction (replace the alive_ flag) | D64: Done | E64: Medium | F64: 2026-10-27: newui::Connections (3rdparty/newui/include/newui/delegate.h, 5 tests in unittests/test_delegate.cpp) holds the Connection of every handler and removes them in its destructor. DockController, GraphDock and TimelineBar each own one; alive_, guarded() and aliveguard.h are gone. WorkspaceController hooks frame_.onDestroyed (fires before the views are freed) and resets timeline_, graph_ and dock_ there, so their destructors only ever touch live delegates. The rule: an observer is destroyed before the subjects it observes. A liveness-token Delegate and a Subscriptions helper were rejected: a Connection removed from a dead delegate is a lifetime bug, not something to paper over. Still open: WorkspaceController's own += lambdas (GD-10). | G64: Built + tested; 335 curvyTests, newui Delegate/Connections 32, checks pass; GUI suite 55 pass 2026-10-27 incl. Closing tests (T-08) exit with code 0 after Alt+F4 with all docks open; not closed by hand
A65: F-08 | B65: Foundation | C65: jitnodes: setTime candidate-node cache and dependsOnTime fast path (uncommitted in the submodule) | D65: Done | E65: Low | F65: 2026-10-25: Network::setTime caches the nodes with expressions/keys/subnets (rebuilt after any markDirty outside setTime, add, remove, clear) and returns whether any node was affected. New jitnodes test setTimeFollowsAnimationAddedAndRemovedAfterwards; jitnodesTests 98 pass, stress 4489 checks. Commit and push the jitnodes working tree, then bump the submodule. | G65: Built + tested; not yet tried live
A66: GD-08 | B66: Graph dock | C66: Changing a transform node pivot moved the shape | D66: Done | E66: High | F66: Found in hand testing 2026-10-25. Editing pivotX/pivotY (typed or scrubbed) only set the number, so a scaled or turned shape jumped. Now the pivot edit keeps the matrix: translate takes up the difference (GraphDocument writeFloat uses setTransformPivot), unless translate is animated or the pivot is keyed. Test Placement.ChangingThePivotInTheTransformNodeLeavesTheShapeWhereItIs (fails without the fix). Not covered by a GUI test. | G66: Built + tested; checks and GUI 37 pass
A67: T-05 | B67: Testing | C67: GUI tests for the graph dock transform rows and the other interactive node UIs | D67: In Progress | E67: Medium | F67: Done 2026-10-27: 4 GraphDock tests type translateX / scaleX / rotation / an off-centre pivot into the Transform node rows and read the shape's bounds back from the property dock, with undo (no new query command needed). Left: tag / move points rows, then later node UIs (dopesheet, ruler, keyed rows) as each is built. | G67: Built + tested (GUI run 2026-10-27, 11 GraphDock tests pass)
A68: GD-09 | B68: Graph dock | C68: Pivot edited in the parent space, stored in the shape space | D68: Done | E68: Low | F68: Reported 2026-10-25: after rotating a shape, editing pivotX moves the pivot along the shape's turned x axis, not the page x axis. Today the pivot is a point in the shape's own space by design (the move points node says so too). Decide whether the dock should show/edit it in page space, or keep local space and make that visible (label, or the pivot marker on the canvas). Decided 2026-10-25: stored local (unchanged); the dock shows and edits pivot + translate, where the pivot lands in the node output space (parent space, or the page when there is no parent), via shownParam / setPivotInParent in pathnode.cpp. Keyed or animated pivots keep the raw numbers. Test Placement.ThePivotIsEditedInTheParentSpaceAndStoredInTheShapesOwn. | G68: Built + tested; 326 curvyTests, checks pass; GUI suite not rerun
... A79: DG-07 | B79: Document & graph | C79: jitnodes hierarchical snapshots: a subnet is snapshotted and restored node by node, not as one text | D79: Done | E79: High | F79: 2026-10-28: DG-04 spike showed 2000 nodes inside a subnet cost 21 ms per edit+snapshot and 22 ms per undo (flat: 2 / 0.8) because a subnet was one text. NodeSnapshot::child (GraphSnapshot) now holds the contents; snapshotNetwork reuses per-node text inside subnets, restoreSnapshot diffs the child network in place, sameGraph compares children. Same case now 1.1 / 0.6 ms. Asset instances unchanged. Change is uncommitted in the 3rdparty/jitnodes submodule (serialize.h/.cpp, tests/testMain.cpp). | G79: jitnodes 188 tests pass (2 new), curvy ctest 2079 pass; GUI suite not rerun

Sheet Notes
A1: How to use
A2: Update this tracker after each task that gets implemented: set the item's Status, Notes and Verified, add a row for new work, and refresh the test counts under Known limits. (Also recorded in CLAUDE.md.)
A3: Tracker sheet: pick a Status from the dropdown - the cell recolours itself (green / yellow / red / grey).
A4: Add a row at the bottom and it is counted automatically (the Summary reads down to row 500). Use an existing Area name, or add a new area row on the Summary sheet.
A5: Use the filter arrows on the header row to look at, say, only Not Started + High priority.
A6: How this was built
A7: Statuses come from the project memory notes, docs/design.md and docs/ui-design.md, and this session's work. Nothing was re-run to build the sheet except the figures quoted below.
A8: The Verified column says how sure each status is: 'User-verified' (you confirmed it), 'Built + tested; not yet tried live' (tests pass, you have not tried it), 'Mockup only' (headless Chrome tests), 'From docs/memory; not re-checked'.
A9: Suggested priority is only a suggestion - overwrite freely.
A10: Known limits
A11: Test counts at snapshot time (2026-10-27): curvyTests 335 pass (1 skipped); GUI suite 55 pass (full run 2026-10-27); jitnodesTests 98 at 2026-10-25, not rerun; newui Delegate + Connections tests 32 pass (2026-10-27); --check, --check-tools, --check-workspace exit 0. These are typed-in numbers, not formulas.
A12: This is a snapshot: it will not update itself. Ask for a refresh at the end of a work session.
